{"train loss": 0.06608021259307861, "epoch": 99, "_timestamp": 1659412780, "_runtime": 434, "_step": 199, "eval acc": 0.9154986143112183, "_wandb": {"runtime": 433}}