{"train loss": 1.1399433612823486, "epoch": 99, "_timestamp": 1659421389, "_runtime": 411, "_step": 199, "eval acc": 0.9243508577346802, "_wandb": {"runtime": 410}}