{"train loss": 0.021357854828238487, "train acc": 0.9944357872009277, "_timestamp": 1659508808, "_runtime": 392, "_step": 199, "eval loss": 0.4113383889198303, "eval acc": 0.8987591862678528, "_wandb": {"runtime": 392}}