{"train loss": 0.017494359984993935, "train acc": 0.9958337545394897, "_timestamp": 1659509375, "_runtime": 399, "_step": 199, "eval loss": 0.37334224581718445, "eval acc": 0.9085248112678528, "_wandb": {"runtime": 398}}