{"train loss": 0.028845613822340965, "train acc": 0.9924143552780151, "_timestamp": 1659508842, "_runtime": 426, "_step": 199, "eval loss": 0.37972307205200195, "eval acc": 0.9021657109260559, "_wandb": {"runtime": 422}}