{"train loss": 0.4169294536113739, "train acc": 0.8572710156440735, "_timestamp": 1659429765, "_runtime": 153, "_step": 63, "eval loss": 0.9423882365226746, "eval acc": 0.7062040567398071}