{"train loss": 0.38010719418525696, "epoch": 4, "_timestamp": 1659423478, "_runtime": 275, "_step": 9, "eval acc": 0.9658030271530151, "_wandb": {"runtime": 272}}