{"train loss": 0.032892946153879166, "epoch": 199, "_timestamp": 1659413727, "_runtime": 820, "_step": 399, "eval acc": 0.9157570600509644, "_wandb": {"runtime": 818}}