{"train loss": 0.020476628094911575, "train acc": 0.9949065446853638, "_timestamp": 1659434733, "_runtime": 396, "_step": 199, "eval loss": 0.28137052059173584, "eval acc": 0.9303366541862488, "_wandb": {"runtime": 394}}