{"train loss": 0.015608811751008034, "train acc": 0.9964420795440674, "_timestamp": 1659512029, "_runtime": 403, "_step": 199, "eval loss": 0.28222015500068665, "eval acc": 0.9284294247627258, "_wandb": {"runtime": 401}}