{"train loss": 0.007671067491173744, "epoch": 199, "_timestamp": 1659413668, "_runtime": 765, "_step": 399, "eval acc": 0.9339958429336548, "_wandb": {"runtime": 762}}