{"train loss": 0.05988769233226776, "epoch": 99, "_timestamp": 1659418025, "_runtime": 428, "_step": 199, "eval acc": 0.9132410287857056, "_wandb": {"runtime": 426}}