{"train loss": 0.02421567216515541, "train acc": 0.9939308762550354, "_timestamp": 1659514109, "_runtime": 429, "_step": 199, "eval loss": 0.2680662274360657, "eval acc": 0.9287223815917969, "_wandb": {"runtime": 429}}