{"train loss": 0.036314573138952255, "epoch": 99, "_timestamp": 1659420289, "_runtime": 396, "_step": 199, "eval acc": 0.9226619601249695, "_wandb": {"runtime": 395}}