{"train loss": 0.015469728969037533, "train acc": 0.9962228536605835, "_timestamp": 1659512757, "_runtime": 404, "_step": 199, "eval loss": 0.27835381031036377, "eval acc": 0.9308708310127258, "_wandb": {"runtime": 402}}