{"train loss": 1.2456340789794922, "epoch": 99, "_timestamp": 1659421412, "_runtime": 435, "_step": 199, "eval acc": 0.8904067277908325, "_wandb": {"runtime": 433}}