{"train loss": 0.23501013219356537, "epoch": 99, "_timestamp": 1659420330, "_runtime": 433, "_step": 199, "eval acc": 0.874316394329071, "_wandb": {"runtime": 431}}