{"train loss": 0.37834155559539795, "epoch": 4, "_timestamp": 1659423481, "_runtime": 278, "_step": 9, "eval acc": 0.9658145904541016, "_wandb": {"runtime": 276}}