{"train loss": NaN, "train acc": 0.09999999403953552, "_timestamp": 1659426600, "_runtime": 913, "_step": 9, "eval loss": NaN, "eval acc": 0.1002412661910057, "_wandb": {"runtime": 909}}