{"train loss": 0.019373511895537376, "epoch": 99, "_timestamp": 1659417998, "_runtime": 404, "_step": 199, "eval acc": 0.9309455752372742, "_wandb": {"runtime": 403}}