{"train loss": 0.020137231796979904, "epoch": 99, "_timestamp": 1659412745, "_runtime": 399, "_step": 199, "eval acc": 0.9337143898010254, "_wandb": {"runtime": 399}}