{"train loss": 0.7281778454780579, "train acc": 0.7528538107872009, "_timestamp": 1659430153, "_runtime": 218, "_step": 89, "eval loss": 1.0796940326690674, "eval acc": 0.6615923643112183}